,Filename,Mean_Street_Quality,Distance,Speed,Relevant
649,Ecosense/bikeride-gps-46f859602b59dd54346c16cb9dc85ef52907203d.csv,8.0,4272.0,3.0,True
613,Ecosense/bikeride-gps-3a3366f695af30d30e7d0036070ee011d21a4d99.csv,9.0,1103.0,4.0,True
857,Ecosense/bikeride-gps-e185f85597ef386a5c11b926afe8ddc619b44063.csv,10.0,889.0,4.0,True
982,Ecosense/bikeride-gps-b90e6b7f9dd37a993b036fb95d1c219c31a0c8ad.csv,10.0,827.0,4.0,True
1158,Ecosense/bikeride-gps-cbe1150bdf71c7ba23e4a83f3e630d47966001da.csv,10.0,2077.0,3.0,True
647,Ecosense/bikeride-gps-46d90654dee855743e646d84fedfc11c0b719331.csv,11.0,2770.0,9.0,True
301,Ecosense/bikeride-gps-aa8fede2b31ed361bc5e4fe5a2ffffc7da5fa177.csv,11.0,5198.0,5.0,True
127,Ecosense/bikeride-gps-61576e0ae5cbb48bc1e5520dc358db9f9f87596d.csv,11.0,4624.0,4.0,True
512,Ecosense/bikeride-gps-18e7c7608eea979ffd7f427f5a154ac49493fa54.csv,11.0,7965.0,4.0,True
877,Ecosense/bikeride-gps-d5be630199edad306ef01d6c2106aadf4edf98fc.csv,11.0,2731.0,4.0,True
95,Ecosense/bikeride-gps-23456e8448ef97ee44e63f9ab892f684ce0fbdce.csv,12.0,3117.0,7.0,True
810,Ecosense/bikeride-gps-8bac815491504c7bceaebaba211f82a35caeda96.csv,12.0,1566.0,7.0,True
193,Ecosense/bikeride-gps-86b4f5a562b5ea57a6d468ea162e56ba3c08f1b2.csv,12.0,882.0,6.0,True
625,Ecosense/bikeride-gps-3c1e4798cc05844bda5e59619e59a5dce37e55de.csv,12.0,1584.0,6.0,True
408,Ecosense/bikeride-gps-5144637f15c0c7ed3c0def7eef8d86f05d670f56.csv,12.0,2113.0,5.0,True
893,Ecosense/bikeride-gps-c90a9e2e7bc348dc8d7929a62b8064f550c949d1.csv,12.0,2434.0,4.0,True
1140,Ecosense/bikeride-gps-e03591003a3ee25e7ca692c7d5aba280379d793c.csv,12.0,4600.0,4.0,True
1228,Ecosense/bikeride-gps-d97cc86f84acfff0df5bfee052bcaf9be56e9fac.csv,12.0,4249.0,4.0,True
169,Ecosense/bikeride-gps-9782caabaa030efcff8c2c9d6d987845102d7a2e.csv,13.0,2049.0,6.0,True
828,Ecosense/bikeride-gps-9aa3eec378e8501198e7dcfb12f6e8c1bf5b0254.csv,13.0,2554.0,6.0,True
158,Ecosense/bikeride-gps-72f5233c572d543398684b805ef6e0185165c308.csv,13.0,1028.0,5.0,True
14,Ecosense/bikeride-gps-aa86acf979981e67db33b7fd0bf53acede54737a.csv,13.0,2787.0,4.0,True
289,Ecosense/bikeride-gps-77ef751e6e7251fd4aee91fff61fb636eec6052b.csv,13.0,2630.0,4.0,True
311,Ecosense/bikeride-gps-286e1994ee173aadca5d0f52cde5db43227c6cb8.csv,13.0,10141.0,4.0,True
731,Ecosense/bikeride-gps-5ddb90768bd3fd395988438794d945b10fe4dffd.csv,13.0,3246.0,4.0,True
879,Ecosense/bikeride-gps-aff6767ed08f352c7451a13c40855063132d6228.csv,13.0,2466.0,4.0,True
899,Ecosense/bikeride-gps-c6f8233e06f54e995542d35593a6c28d6e0b398a.csv,13.0,2065.0,4.0,True
451,Ecosense/bikeride-gps-08f10680eef979ea4291178e9c39a7e5b9df128e.csv,13.0,1034.0,3.0,True
1055,Ecosense/bikeride-gps-aad1ff222578973b29a49cc334a540348941f96f.csv,13.0,3279.0,3.0,True
382,Ecosense/bikeride-gps-9824d2fa04ad2702c1f6dd51fc822ea29239eb67.csv,14.0,2080.0,5.0,True
8,Ecosense/bikeride-gps-9096fcb103797970f7a16ab5c1c4874256af16d2.csv,14.0,6463.0,4.0,True
15,Ecosense/bikeride-gps-a29f7bb205032a777cd0c19807289d3825c5e798.csv,14.0,3562.0,4.0,True
42,Ecosense/bikeride-gps-6152f3937d194fcd91dd802657daa66a3e6ead7a.csv,14.0,3248.0,4.0,True
73,Ecosense/bikeride-gps-27607fee37d0f708cdf14c92fb8ae3cb8c685d91.csv,14.0,3524.0,4.0,True
164,Ecosense/bikeride-gps-a7caff516e4a7e5ff4cd4debf2006e953c961659.csv,14.0,1531.0,4.0,True
204,Ecosense/bikeride-gps-235fc7eb236b592f16223766eab0b51a0fed6cec.csv,14.0,5371.0,4.0,True
235,Ecosense/bikeride-gps-1509259fcf8d143cb5e022fb41ca81b47def3929.csv,14.0,2612.0,4.0,True
373,Ecosense/bikeride-gps-9362ddebdc9c8f7f91e7d2e7b9ff85fcddc8d7e7.csv,14.0,3399.0,4.0,True
535,Ecosense/bikeride-gps-1e8351c4b698cdbda97e2b8f1fa685a805282699.csv,14.0,2600.0,4.0,True
887,Ecosense/bikeride-gps-c5de2a5a71eb6c30d9855ea7079cb4acf2b89712.csv,14.0,1477.0,4.0,True
1107,Ecosense/bikeride-gps-db5ea460bd48accd5cfffdc07fc5a78db09cdc94.csv,14.0,3508.0,4.0,True
145,Ecosense/bikeride-gps-502023977fe79c177b442bb01f19292298b90c11.csv,14.0,1892.0,3.0,True
378,Ecosense/bikeride-gps-934f7d13454a91a5af1f53ecb3fe32762c773c0e.csv,14.0,1710.0,3.0,True
484,Ecosense/bikeride-gps-0fbb1f982fc6c604d69fba96900a7e9611936f49.csv,14.0,3206.0,3.0,True
604,Ecosense/bikeride-gps-36ee7b06cb960428460a624d330db2bfe3accfe3.csv,14.0,3240.0,3.0,True
948,Ecosense/bikeride-gps-e6bcce7f99e62f4007332e2b23f4a99d30b16cf4.csv,14.0,2575.0,3.0,True
949,Ecosense/bikeride-gps-e3b2fede69c5a418ab4a4d259eb4d6d5c30cc2ab.csv,14.0,3588.0,3.0,True
905,Ecosense/bikeride-gps-e450726d3420e5ac712532e2c7fbcfce8659906f.csv,14.0,1438.0,2.0,True
1010,Ecosense/bikeride-gps-e7cccb4f2799f7781789602fd41decf1b2249fd0.csv,14.0,1015.0,2.0,True
906,Ecosense/bikeride-gps-ebcc242c49efff42f680d38f3763313444e062de.csv,15.0,1754.0,8.0,True
395,Ecosense/bikeride-gps-290af610e556ab5cc19182770e1dc5e11552de73.csv,15.0,1156.0,7.0,True
956,Ecosense/bikeride-gps-b07db838b788638358efa78d0f83baa2319f5867.csv,15.0,2061.0,6.0,True
987,Ecosense/bikeride-gps-f511365603fcd2ecd297b64b1237a3966a1c13b0.csv,15.0,1433.0,6.0,True
134,Ecosense/bikeride-gps-5417a97af4570dd29bf4a1cf6cc541d30dcad827.csv,15.0,2198.0,5.0,True
139,Ecosense/bikeride-gps-90cd45044467355d517d27bd55ee9108cd467042.csv,15.0,2731.0,5.0,True
549,Ecosense/bikeride-gps-27f49831f978ead7abf4ff2c2a10569bc3e314c8.csv,15.0,3430.0,5.0,True
639,Ecosense/bikeride-gps-41f72520cd47c332200e535b9379a40f567866fa.csv,15.0,3453.0,5.0,True
883,Ecosense/bikeride-gps-ddf744c28186cba76214c06f0ff428e99f129723.csv,15.0,3442.0,5.0,True
180,Ecosense/bikeride-gps-87ab4cdbf501703b374edcf19a515761d30dad49.csv,15.0,3433.0,4.0,True
199,Ecosense/bikeride-gps-8550b8e26c4dbd8426c018e7b508ef63514d80ff.csv,15.0,3653.0,4.0,True
548,Ecosense/bikeride-gps-27daebd4ceca9a1af69f2b2b565b111e33537aaa.csv,15.0,1958.0,4.0,True
691,Ecosense/bikeride-gps-54b98373650543356e27dc9588b010444cb7cd01.csv,15.0,3088.0,4.0,True
844,Ecosense/bikeride-gps-9dbd8377cd3b644662d9dbb9e2690822e43c42e2.csv,15.0,3615.0,4.0,True
912,Ecosense/bikeride-gps-b12a22ac4e9b9e758fcf72e8f51f505039f8d47c.csv,15.0,3060.0,4.0,True
1021,Ecosense/bikeride-gps-ed519bf18ed8b48e7975693411a75df1ee4a6f73.csv,15.0,1122.0,4.0,True
1028,Ecosense/bikeride-gps-eaeb8022c292bdd3ae3f131b9c0dccbe6a817827.csv,15.0,3796.0,4.0,True
1034,Ecosense/bikeride-gps-c62d68fbf7bd0ca1905d33c710c0aeb321b4a6b7.csv,15.0,1139.0,4.0,True
1218,Ecosense/bikeride-gps-b3d6da1d3c5398501a1f03c51253a237c69e3090.csv,15.0,2586.0,4.0,True
241,Ecosense/bikeride-gps-61261658a28fbba2e3d23a36bd89957321607d13.csv,15.0,857.0,3.0,True
584,Ecosense/bikeride-gps-2fd339ef6d5b0f3f5b595e0b26a56d16ab8ddea4.csv,15.0,2578.0,3.0,True
797,Ecosense/bikeride-gps-7e25099a92c7b8cb30ebb0f8be64e8437d0562e1.csv,15.0,4316.0,2.0,True
306,Ecosense/bikeride-gps-85c05550efc026b1278b07e90f0a779c4f91b124.csv,16.0,4351.0,5.0,True
330,Ecosense/bikeride-gps-386739aca6e69820a9e2702fccf1e08aabaa8531.csv,16.0,3710.0,5.0,True
1131,Ecosense/bikeride-gps-ce61e3ecb3472cd5ff8e1a3248849c7870167e71.csv,16.0,3569.0,5.0,True
46,Ecosense/bikeride-gps-114d6643b92af714182414ebab2067c362a4e6ed.csv,16.0,3436.0,4.0,True
157,Ecosense/bikeride-gps-80d3914e6f3c695882dfa17f32fb2efc39c9ea20.csv,16.0,1715.0,4.0,True
280,Ecosense/bikeride-gps-85adcc8004024db51b49eaa5f19bae8b0b58dbae.csv,16.0,6006.0,4.0,True
496,Ecosense/bikeride-gps-12f5548c77a7a1caa124f64163bae5ebdc06bace.csv,16.0,1725.0,4.0,True
688,Ecosense/bikeride-gps-53cd4f4b1b5fdcc251ec60a94da59e666ca033e7.csv,16.0,3818.0,4.0,True
993,Ecosense/bikeride-gps-c99543021041d24f35e5b6e2e3c7baeb05fcb2d2.csv,16.0,15749.0,4.0,True
995,Ecosense/bikeride-gps-cbd1e2ee42a7a6eb8f0e2975cbc5b0f56a89c13d.csv,16.0,7040.0,4.0,True
1148,Ecosense/bikeride-gps-efcd49a5271bfeaf25fb713b4e7c2027e69e3141.csv,16.0,2169.0,4.0,True
1160,Ecosense/bikeride-gps-b3d10e117d22a8f30cada7e8a25443041c2612dc.csv,16.0,918.0,4.0,True
792,Ecosense/bikeride-gps-7d2f9e25f874881e520d90fffe4e83e45e6ad02a.csv,17.0,5234.0,7.0,True
1070,Ecosense/bikeride-gps-d30e200c9d3a63026a5b433be691d122e64b2b14.csv,17.0,3779.0,6.0,True
386,Ecosense/bikeride-gps-a442678dfe3ce2ea72b02b9656213a1f32f82f10.csv,17.0,4354.0,5.0,True
757,Ecosense/bikeride-gps-6cafbfcfa895cbde2ac9a2b42350c55d4eeac711.csv,17.0,3429.0,5.0,True
1261,Ecosense/bikeride-gps-b10cd08bcef4ab86bab2b803739f707b5c43ca66.csv,17.0,2583.0,5.0,True
1276,Ecosense/bikeride-gps-c6434f8e2ba0c1c7e600de998c3f8c9e571c50a8.csv,17.0,1768.0,5.0,True
138,Ecosense/bikeride-gps-92695cd23ccbe5d5766f188c7c96c89a313b91ad.csv,17.0,3907.0,4.0,True
168,Ecosense/bikeride-gps-954208986faba7d8d7b65411037d1de8937f3f5f.csv,17.0,2020.0,4.0,True
188,Ecosense/bikeride-gps-1381d75497da2bfcf9e9b2be7e6877fa6e9a6cd6.csv,17.0,6906.0,4.0,True
238,Ecosense/bikeride-gps-78801bc62de6dc558dceff7592efd83dab5affc5.csv,17.0,3261.0,4.0,True
326,Ecosense/bikeride-gps-586a9009fdbb1ffaa01fc9003f938e9c1f3eb402.csv,17.0,2633.0,4.0,True
431,Ecosense/bikeride-gps-01a451329fc30fade5d1b574a75b6c3c7a30c71a.csv,17.0,9137.0,4.0,True
447,Ecosense/bikeride-gps-05f7392f565a36dcc20791075d295dd48d956300.csv,17.0,1410.0,4.0,True
580,Ecosense/bikeride-gps-2f3933b0514927bcbd3b07f17d76e59d2763170b.csv,17.0,2724.0,4.0,True
706,Ecosense/bikeride-gps-58ae74a843c52f424c7c42935df37c1f37b367c8.csv,17.0,5899.0,4.0,True
871,Ecosense/bikeride-gps-c41875c2fc62cc0c7eca191ba9e60abeab41c5f7.csv,17.0,3115.0,4.0,True
1057,Ecosense/bikeride-gps-e3c82b95f29609e96701f46bf797d166b6836522.csv,17.0,7809.0,4.0,True
1126,Ecosense/bikeride-gps-bfa0c4351ed173c8f1f31bb8a0bed019d9699f12.csv,17.0,2101.0,4.0,True
406,Ecosense/bikeride-gps-93c15198bdcaf1033b2614183b50c7aa7e85a216.csv,17.0,1131.0,3.0,True
491,Ecosense/bikeride-gps-11ac493dd7a76301c121e4f6441aa4d88be700f9.csv,17.0,1120.0,3.0,True
711,Ecosense/bikeride-gps-59b112e688465aeaecc44d15020a068d90d1b9b2.csv,17.0,809.0,3.0,True
933,Ecosense/bikeride-gps-d6539e38a5e6a29ddbde6b9e4b94a821a1209846.csv,17.0,4502.0,3.0,True
1150,Ecosense/bikeride-gps-cf8383c191a3c016b7ed07cae022cd5805a1cfb7.csv,17.0,2081.0,2.0,True
490,Ecosense/bikeride-gps-11a9d365de209dea63124d5993ebe33777d7d420.csv,18.0,1263.0,7.0,True
938,Ecosense/bikeride-gps-bcf844f08670fd629b063d3998de17ff17cb0483.csv,18.0,5365.0,6.0,True
1013,Ecosense/bikeride-gps-b1bebf3cd8e8ca2a93ef0e1da2265189622009f1.csv,18.0,15249.0,6.0,True
93,Ecosense/bikeride-gps-71506ac468f222c3c1c0024ef3dca57421bb4f18.csv,18.0,3099.0,5.0,True
343,Ecosense/bikeride-gps-9738754838f99b1047176b8e27f7c5893b42e7c2.csv,18.0,1627.0,5.0,True
348,Ecosense/bikeride-gps-6158d1be13366b1dbc22c3bf8dbfdcfb9108e3f2.csv,18.0,3363.0,5.0,True
517,Ecosense/bikeride-gps-1a10fc99f41ea0532d260cb4c76a7394c8303389.csv,18.0,982.0,5.0,True
586,Ecosense/bikeride-gps-31cce60dedb433db3c0ce1f1d5f77ce33bfa5bc2.csv,18.0,3484.0,5.0,True
723,Ecosense/bikeride-gps-5c718d78b88f3b540f45bf4a7a0226d16972c3fb.csv,18.0,10179.0,5.0,True
744,Ecosense/bikeride-gps-6af03fd6f1c2e3f295afafef20c893f6edac16d8.csv,18.0,855.0,5.0,True
56,Ecosense/bikeride-gps-a44142e60c7ed4cbb88d0618434aef45f0e7534f.csv,18.0,3860.0,4.0,True
58,Ecosense/bikeride-gps-192692df740802f3e123ccc08f36f41b41d50154.csv,18.0,876.0,4.0,True
121,Ecosense/bikeride-gps-68e1d01b97f7623fc95d80db0599dfb376498d2f.csv,18.0,1969.0,4.0,True
173,Ecosense/bikeride-gps-a19d70df72992cfbfe607178ddd777eca82624e9.csv,18.0,1641.0,4.0,True
186,Ecosense/bikeride-gps-a14ccddd018a9e624c60f3a2ad8278ef2e737fc2.csv,18.0,993.0,4.0,True
194,Ecosense/bikeride-gps-0935702b143b759a65b1aedc5acccb207292d12e.csv,18.0,1812.0,4.0,True
220,Ecosense/bikeride-gps-16504f082b525113e5ae6777f11f4254ad03b205.csv,18.0,2195.0,4.0,True
225,Ecosense/bikeride-gps-44254902dbc11ff10cb04075ae18e5897c6c8a50.csv,18.0,3447.0,4.0,True
324,Ecosense/bikeride-gps-9539b6b50d4022d6dc52b4d70de038de3776d491.csv,18.0,9573.0,4.0,True
694,Ecosense/bikeride-gps-54e245ac8e98dfcd620217b79519986ed7fdd56f.csv,18.0,875.0,4.0,True
972,Ecosense/bikeride-gps-dcc2e39b9ec912c9c87ca6f2301948441c68cc68.csv,18.0,2100.0,4.0,True
1081,Ecosense/bikeride-gps-c3d213b14c04c89d2661ba89d60acb396f78e302.csv,18.0,1591.0,4.0,True
1127,Ecosense/bikeride-gps-d31d8a1461e682681b6516d2bf7d84a36846e2b7.csv,18.0,3633.0,4.0,True
619,Ecosense/bikeride-gps-3b831c856b1a2d4c98eb18310408cc02c2a74fb2.csv,18.0,4732.0,3.0,True
690,Ecosense/bikeride-gps-53e66d142a118146d0dbd574cfeb85a0ac8b50e5.csv,18.0,1759.0,3.0,True
740,Ecosense/bikeride-gps-6a38a2885bc0510d04a0be5f3a2dbd07a34b8651.csv,18.0,1059.0,3.0,True
664,Ecosense/bikeride-gps-4c221b5f1f5c1a8cef09b3ab8dac119f4de1b985.csv,18.0,1073.0,2.0,True
112,Ecosense/bikeride-gps-714340fae2d9860f1398b285342c1f2bf9cfad5f.csv,19.0,7129.0,5.0,True
268,Ecosense/bikeride-gps-62de674a580098eb19a88e3e18ac70b6435c4d25.csv,19.0,15774.0,5.0,True
414,Ecosense/bikeride-gps-0717a0f3850d067daea312572fdc789fad4190f4.csv,19.0,1790.0,5.0,True
422,Ecosense/bikeride-gps-a8873e266f30129686b944d12a6d9b7005b15d82.csv,19.0,1025.0,5.0,True
438,Ecosense/bikeride-gps-004e5f704f00b5fddf87a9f5dc41cf7f786bb6d2.csv,19.0,1121.0,5.0,True
1085,Ecosense/bikeride-gps-fc7a5a83182e91cdc1286af7b4dc1b894c585571.csv,19.0,1334.0,5.0,True
1134,Ecosense/bikeride-gps-f6c40b7b0d2d5ada5f557c77bf34b53316a48cfc.csv,19.0,3424.0,5.0,True
1175,Ecosense/bikeride-gps-f6d9f947df172a422718189093b2f75d68cd0edb.csv,19.0,1253.0,5.0,True
1238,Ecosense/bikeride-gps-bae00ed343ddb487aedcdc81ba403d83fa040333.csv,19.0,3231.0,5.0,True
57,Ecosense/bikeride-gps-a4d8804723e97b86a0e4f038908fb89e877612d2.csv,19.0,985.0,4.0,True
307,Ecosense/bikeride-gps-44872b69dfbaf83b7b263baad7f0638745cdf541.csv,19.0,1201.0,4.0,True
379,Ecosense/bikeride-gps-245058c009d31a4a8afcdf68b12ce85bbe9c86cf.csv,19.0,4281.0,4.0,True
400,Ecosense/bikeride-gps-91d02865595244978b31381195592c297cd7cf0f.csv,19.0,1501.0,4.0,True
437,Ecosense/bikeride-gps-03af855b0b5c8cbc66f7bdf498bf76a1ee055936.csv,19.0,2514.0,4.0,True
528,Ecosense/bikeride-gps-1bd9c445085d2861b376f5dede4888b756944046.csv,19.0,888.0,4.0,True
830,Ecosense/bikeride-gps-9b11813c3f9dc53c52872e81ca289971e950d604.csv,19.0,3981.0,4.0,True
1071,Ecosense/bikeride-gps-cb6725468b04333d9640e65f0535b1dbc67ac8a9.csv,19.0,4004.0,4.0,True
1088,Ecosense/bikeride-gps-aeaa3714c4dfd1b25349203a31a0933383c0485e.csv,19.0,4104.0,4.0,True
1161,Ecosense/bikeride-gps-f63b86c02e50c227d825c89a4776cc197dfd990a.csv,19.0,6732.0,4.0,True
255,Ecosense/bikeride-gps-86a80d3bd28ce347ced93f05513e0367b8b9bdb0.csv,19.0,1894.0,3.0,True
850,Ecosense/bikeride-gps-9f68e3328bf2f353a59d30a9c0ce61bfc1869acf.csv,19.0,9889.0,3.0,True
1212,Ecosense/bikeride-gps-e8bbf1f589ceab97fb32ca4eb6cec7c39e822b93.csv,19.0,5252.0,3.0,True
10,Ecosense/bikeride-gps-78fc2b9881de6d8a17b37fa8a9e9d040937a5fe3.csv,19.0,2818.0,2.0,True
259,Ecosense/bikeride-gps-a5b9e18627c144ec7faeb1247d92bc26d5bd822e.csv,19.0,6704.0,2.0,True
932,Ecosense/bikeride-gps-db2e1185c764ee7e49cdd0d84c1d9b37fb232b3e.csv,20.0,2879.0,9.0,True
71,Ecosense/bikeride-gps-51895fd91ed98f53dd569a264dd303df862f9330.csv,20.0,6555.0,6.0,True
356,Ecosense/bikeride-gps-6122067ba2fdb782b46df16b76e4aa34522df5af.csv,20.0,3953.0,5.0,True
515,Ecosense/bikeride-gps-1a0eeff9f7abeb6e74a6e4744b869c5f3cfc49ac.csv,20.0,5931.0,5.0,True
589,Ecosense/bikeride-gps-31fffbf7b0b884cd0c84c7ab024e666e2c03ae0e.csv,20.0,2671.0,5.0,True
782,Ecosense/bikeride-gps-7ad48b87e8a4c8966d278b3cea5f111ef72cc0f4.csv,20.0,12167.0,5.0,True
312,Ecosense/bikeride-gps-a19392cbe0ac824e71c239a353b092631772ff2e.csv,20.0,2106.0,4.0,True
335,Ecosense/bikeride-gps-507cd9054cf2a3022388199fec98bf842d9974dd.csv,20.0,3010.0,4.0,True
516,Ecosense/bikeride-gps-1a10bda3c2af8d9a4721724239cccc4adf821b06.csv,20.0,4187.0,4.0,True
540,Ecosense/bikeride-gps-1fc8f7d1571ebe553a5ca52259f4b408fb4088ec.csv,20.0,6065.0,4.0,True
682,Ecosense/bikeride-gps-4ff1a9a46ace31aeb0d3dd1ed31f1df2a6a953df.csv,20.0,9568.0,4.0,True
847,Ecosense/bikeride-gps-9e1b151c2bc2b2e6f038229d74801ddf1bfdc4ae.csv,20.0,5436.0,4.0,True
989,Ecosense/bikeride-gps-b82e2c67966519ac70ed7e459c05b71723fa8b80.csv,20.0,5795.0,4.0,True
1199,Ecosense/bikeride-gps-d08235a13a30a8cdda652a0eb3eaaa9ef71af67d.csv,20.0,1708.0,4.0,True
1202,Ecosense/bikeride-gps-dc74c50fb3573586ec7af9d2d031c9c565e2da20.csv,20.0,2982.0,4.0,True
442,Ecosense/bikeride-gps-03ca6a0c91583a96fbf19e851fc4851ed681fd80.csv,20.0,1112.0,3.0,True
724,Ecosense/bikeride-gps-5c793d9ea0274c2ddc668678c278a71cf00ac99d.csv,20.0,3005.0,3.0,True
1163,Ecosense/bikeride-gps-c678843667e18f0f78b552eeaac0d470def609a5.csv,20.0,9896.0,3.0,True
363,Ecosense/bikeride-gps-79746c15d4e5664a63903bdb1ecee7b3c00e9cee.csv,20.0,3701.0,2.0,True
4,Ecosense/bikeride-gps-a4ec49011b25850b9a01e9a3ea1089220b6ad3ef.csv,21.0,1762.0,6.0,True
141,Ecosense/bikeride-gps-aa3e66cf5aa810e991186c8a701f58cf89b11527.csv,21.0,7796.0,5.0,True
654,Ecosense/bikeride-gps-4a928fab188f58602ecf39dc85e163af6e29d79a.csv,21.0,4113.0,5.0,True
968,Ecosense/bikeride-gps-c78d93ffec28cea542f52eb14b3e1f6b772cd564.csv,21.0,3983.0,5.0,True
1029,Ecosense/bikeride-gps-c2a53f413a084518b5a9f53d6a0253fcf6ec71c3.csv,21.0,2481.0,5.0,True
23,Ecosense/bikeride-gps-970ff0936a34edbf60dabd384390d2376bfbcb76.csv,21.0,2381.0,4.0,True
461,Ecosense/bikeride-gps-0af8e86ce32c3867ae0454325b650975cb24438b.csv,21.0,842.0,4.0,True
640,Ecosense/bikeride-gps-42a261d30aa5e333b24965791ffbfc2a01723cd8.csv,21.0,2497.0,4.0,True
815,Ecosense/bikeride-gps-8ce2f7bc6a8ca68ba26f0eb645df407167780c4b.csv,21.0,4556.0,4.0,True
469,Ecosense/bikeride-gps-0bb2e1b772d737d6cbf919eeba9212c838271179.csv,21.0,1163.0,3.0,True
1209,Ecosense/bikeride-gps-bc7bc605b1f5e990e86b2b8539c803b965555779.csv,21.0,4288.0,3.0,True
251,Ecosense/bikeride-gps-124b8ec707ac3c8d68b13d1f5c6d48225385158e.csv,21.0,1950.0,2.0,True
890,Ecosense/bikeride-gps-c1b12810445e9d2655d120141fec684f5fe85e2d.csv,22.0,1725.0,9.0,True
846,Ecosense/bikeride-gps-9dd103f4888034c371060177c5c31ba6735ae3a3.csv,22.0,2905.0,6.0,True
1101,Ecosense/bikeride-gps-ce9737513ba8347799b54da3cd0079bd5fd23049.csv,22.0,1236.0,5.0,True
66,Ecosense/bikeride-gps-70c05d6cbc8a91a286085a195a3b77728a76cca5.csv,22.0,1118.0,4.0,True
425,Ecosense/bikeride-gps-292df20bf6af690f970b4a6a0ee066b0255e8cc0.csv,22.0,3033.0,4.0,True
994,Ecosense/bikeride-gps-fd0b27dd6bf8536f9718f6663e949065f1ca0793.csv,22.0,1622.0,4.0,True
473,Ecosense/bikeride-gps-0d3344c0f79ef315f45b225e483668f15e10a006.csv,22.0,5083.0,3.0,True
603,Ecosense/bikeride-gps-36a51dc00988c842e595822e93847c44b6914f80.csv,22.0,2183.0,3.0,True
753,Ecosense/bikeride-gps-6c2b4430f5529510ecace22884c876a0fc181f29.csv,22.0,2653.0,3.0,True
355,Ecosense/bikeride-gps-3141680f30d7f34ee1ac79593d663304659a56c4.csv,23.0,1111.0,5.0,True
492,Ecosense/bikeride-gps-11af9775ab79298c2a9dcafcfaa788b43b86cc20.csv,23.0,5137.0,5.0,True
1099,Ecosense/bikeride-gps-b740bb9249eb09167fed6e5ea336eef22f2a9d37.csv,23.0,1073.0,5.0,True
19,Ecosense/bikeride-gps-65facf2055183884bcece3a4e47a9ef4de23481c.csv,23.0,5350.0,4.0,True
579,Ecosense/bikeride-gps-2f2546906493bbaec085bb486c541f7fe8a4dfb9.csv,23.0,2183.0,4.0,True
755,Ecosense/bikeride-gps-6c5e7f03351f138977ca28940584326280bdf0a6.csv,23.0,5750.0,4.0,True
839,Ecosense/bikeride-gps-9d3a625b7fbf295a07d35d83cb8ded2ce74c3d76.csv,23.0,1533.0,4.0,True
6,Ecosense/bikeride-gps-9319c60dace88aa7af7420e586f43e80d8139c89.csv,24.0,3055.0,6.0,True
1170,Ecosense/bikeride-gps-cd6340fbc5816f7adedb83bb3ae98fbd1f841b27.csv,24.0,4543.0,5.0,True
1264,Ecosense/bikeride-gps-ddaed888a4ec1ecc0f9c31bf19715083ce8bfb31.csv,24.0,1459.0,5.0,True
497,Ecosense/bikeride-gps-13c5e6b8e15863c3bbc36a6ca84f8a4d47355837.csv,24.0,7594.0,4.0,True
1188,Ecosense/bikeride-gps-f4723273e779861387ac6ce8927b5785bcae40af.csv,24.0,2790.0,4.0,True
1203,Ecosense/bikeride-gps-c03211d2e4e3699fe29904531b3273b50b11d1d6.csv,24.0,2285.0,4.0,True
521,Ecosense/bikeride-gps-1af4057eaac7929db51877071289391657feb73d.csv,24.0,2007.0,3.0,True
89,Ecosense/bikeride-gps-79faae7718c66c8891df2c111782b7d777033b3e.csv,25.0,1377.0,6.0,True
191,Ecosense/bikeride-gps-637b6fcb7b8862074695490bf0dc29d79518430e.csv,25.0,2081.0,6.0,True
183,Ecosense/bikeride-gps-41339acc332d137171beab54da6f7c78a7f3c2e5.csv,25.0,2023.0,4.0,True
546,Ecosense/bikeride-gps-23fd2d39d734509ca772f93260ce9c5ef535e5cc.csv,25.0,19426.0,4.0,True
679,Ecosense/bikeride-gps-4f2503b6ce7ec6e2f925aadebc836a39a3e71cee.csv,25.0,8313.0,4.0,True
421,Ecosense/bikeride-gps-197d20624ef4b18ab4cb90536df7e0fead18b1da.csv,25.0,2278.0,3.0,True
539,Ecosense/bikeride-gps-1fac9bbc0112716f1ddf68cb8d65d6dc961b7ac7.csv,25.0,1580.0,3.0,True
864,Ecosense/bikeride-gps-c181219c2258e70d5e88d571f4beed39fcea07a9.csv,25.0,5066.0,3.0,True
506,Ecosense/bikeride-gps-16f712513535d53ac6326abb0afaa9947d85cecc.csv,26.0,3023.0,4.0,True
70,Ecosense/bikeride-gps-61203c69c34dc2e7031f6f511ec702351a38902d.csv,26.0,1094.0,3.0,True
397,Ecosense/bikeride-gps-a9273585b0ec5bfd33108d1ede6a32280258c41e.csv,26.0,1548.0,3.0,True
1153,Ecosense/bikeride-gps-baf8ffe913a97a57860f6a7dc664fb4be3591e68.csv,26.0,7167.0,2.0,True
916,Ecosense/bikeride-gps-b632c64e628d1ced3470e225c9f07adaa2461b13.csv,27.0,1580.0,11.0,True
526,Ecosense/bikeride-gps-1bbba06ca483e157b5280681e7675c6af8f0ce0c.csv,27.0,5283.0,6.0,True
856,Ecosense/bikeride-gps-d792a5c762ec9cd723209293b379b41dc4fde883.csv,27.0,2948.0,6.0,True
270,Ecosense/bikeride-gps-580edfa1e9d024c8658d6fb2fe40b8640e7120df.csv,27.0,2329.0,3.0,True
957,Ecosense/bikeride-gps-ace636beb3de759d12f5d3d83f28f56bdafcfc2b.csv,28.0,3174.0,7.0,True
63,Ecosense/bikeride-gps-91986b66389eaa50fa8de64717711e9471fabd94.csv,28.0,1430.0,5.0,True
131,Ecosense/bikeride-gps-96cf2cb5e73a6e13e6c8bcc49a8f90cb6b04c9dd.csv,28.0,7221.0,4.0,True
971,Ecosense/bikeride-gps-f9b9e61e0286ad02653f83d00e111b341b281dd3.csv,28.0,3034.0,4.0,True
848,Ecosense/bikeride-gps-9e33ef6d6f37dd0910cfb7bf7ad3dac1b305f866.csv,28.0,1483.0,3.0,True
921,Ecosense/bikeride-gps-f763a6da6285b18d24b482611317b0e1dc62ce37.csv,28.0,4750.0,3.0,True
494,Ecosense/bikeride-gps-11f0b94705e70a1bd0d164efd7994bc3fb0eb6ec.csv,28.0,7180.0,2.0,True
588,Ecosense/bikeride-gps-31e51048675e0287bf283116935417b2e4938a99.csv,29.0,7258.0,6.0,True
859,Ecosense/bikeride-gps-f6c450cda26b0b6a68dda17de4c7a669f2a92858.csv,29.0,5334.0,4.0,True
884,Ecosense/bikeride-gps-f6e295a91702f3f95f602ce4fe69d25ca95e17c0.csv,30.0,2686.0,5.0,True
536,Ecosense/bikeride-gps-1f15cf374fefc8301b412b963b555d47bcbbeed0.csv,30.0,3193.0,4.0,True
778,Ecosense/bikeride-gps-6f7c876fc6aba62cfe3ef8c5df956b54f50d36e7.csv,30.0,7070.0,4.0,True
925,Ecosense/bikeride-gps-ace7b689dcb449fb36b809d844798f8f99c848b1.csv,30.0,1049.0,4.0,True
946,Ecosense/bikeride-gps-d088ffe1d90b41519c2fbbaafb86f3ffba3bcc07.csv,30.0,4313.0,4.0,True
279,Ecosense/bikeride-gps-6845bd73faba7af44189516eaa29b38fe87db5b0.csv,30.0,4486.0,3.0,True
547,Ecosense/bikeride-gps-24d1f571f8390b939a9e0b7f387fe8890d469ded.csv,31.0,896.0,5.0,True
365,Ecosense/bikeride-gps-1941fa4260ea68651796aa739f2bebd19326107c.csv,31.0,2997.0,4.0,True
860,Ecosense/bikeride-gps-d972f414d0c65ae517756bdc4608ee8478380b38.csv,31.0,1993.0,4.0,True
462,Ecosense/bikeride-gps-0b21b712ba05b7d0678fd5fc02107eb095697e32.csv,31.0,3668.0,3.0,True
297,Ecosense/bikeride-gps-42303790a5ba2296fbf23c70e5cb31f9d60e0bdd.csv,32.0,2906.0,4.0,True
513,Ecosense/bikeride-gps-18e9aa1ba6d5a2e16a3b99619b4d7f7392f7cb0e.csv,32.0,2226.0,4.0,True
532,Ecosense/bikeride-gps-1de5ca332e6b43d2547e49a7da949df43d0362ce.csv,32.0,1208.0,4.0,True
722,Ecosense/bikeride-gps-5be782e1d7143940b446cce60ed0c40c200de4a2.csv,32.0,2989.0,4.0,True
955,Ecosense/bikeride-gps-e5e72dc901f9e7ec3e707bfdfa21dbe54e29c2fc.csv,32.0,10882.0,4.0,True
296,Ecosense/bikeride-gps-60a91b03f742515718fe887a3ff1229acb920daa.csv,32.0,4783.0,3.0,True
97,Ecosense/bikeride-gps-612f4324eb114d897d15a5d3097e530a49ed3d7a.csv,33.0,973.0,4.0,True
941,Ecosense/bikeride-gps-eb89008171b97e973f5304cc147246d27a2fccf5.csv,33.0,2746.0,4.0,True
1009,Ecosense/bikeride-gps-e206c3ec62bb064ceb65aeee96fac53066940af4.csv,33.0,7036.0,4.0,True
125,Ecosense/bikeride-gps-765333f5ea073cde3d1dd47c2d32835e8c1fbb5a.csv,33.0,4346.0,3.0,True
545,Ecosense/bikeride-gps-22fb188d70b5f6fa5da22b79300746f7efb3dcc2.csv,33.0,1750.0,3.0,True
1224,Ecosense/bikeride-gps-b34896750c9e3f216d88877f2502b24a373fbf3c.csv,33.0,1538.0,2.0,True
265,Ecosense/bikeride-gps-64a4577664dc7a4b1f5187c1ed5e6f93c0aa9359.csv,34.0,1140.0,5.0,True
562,Ecosense/bikeride-gps-2b909474b31cf44c9bece31711cfb936cb75900b.csv,34.0,5111.0,4.0,True
645,Ecosense/bikeride-gps-45b529a396dc4218dd1b3c4a28545d452d12e93f.csv,34.0,1132.0,4.0,True
1193,Ecosense/bikeride-gps-aabbe060beafada3a592f7eb373df19976e52457.csv,34.0,1902.0,4.0,True
102,Ecosense/bikeride-gps-73a5dfed0c99363c8f64c3ec64788193a1c752f0.csv,35.0,3161.0,5.0,True
25,Ecosense/bikeride-gps-5907d98dd29c294906fcce3e6de1c5aa1c72903c.csv,35.0,1969.0,4.0,True
109,Ecosense/bikeride-gps-13679ee132132cb1cd5df2430b17b996fde90770.csv,35.0,2835.0,4.0,True
1231,Ecosense/bikeride-gps-ab3bdb963c2a5e03ba1e8f4d59eef93b9fad7e10.csv,35.0,3296.0,4.0,True
630,Ecosense/bikeride-gps-3dce8fac2102e0d8ee7deafb31781c79d5fa02c8.csv,35.0,2623.0,3.0,True
544,Ecosense/bikeride-gps-21e5ad1d5a0142df87af235b054e72d8aa191bb5.csv,36.0,3729.0,4.0,True
661,Ecosense/bikeride-gps-4bb389458ee9965e881d1e3ff8ea392c85364f27.csv,36.0,7158.0,4.0,True
576,Ecosense/bikeride-gps-2ee7fdfb9202d1347a5a18105db0a46494eb468f.csv,37.0,882.0,10.0,True
322,Ecosense/bikeride-gps-462f378e1e91b56f49fa44e05619ffd1f2c3cf88.csv,37.0,1837.0,5.0,True
583,Ecosense/bikeride-gps-2f7f49cba8ff583c3da6f73005393e1f5f2756cd.csv,37.0,3814.0,4.0,True
560,Ecosense/bikeride-gps-2b10c5f1ad7f6b43d1d6dbabacbe344356b09024.csv,37.0,1598.0,3.0,True
1105,Ecosense/bikeride-gps-fa525e11f07966a5c8c31983dce30cc990f09ddc.csv,38.0,1443.0,4.0,True
32,Ecosense/bikeride-gps-01425ea0cd23e71c3512dfd2a6d121eb3abc2c38.csv,38.0,2393.0,3.0,True
387,Ecosense/bikeride-gps-890368857021c97af3681b014f8aaffc7cb5cf8c.csv,38.0,4402.0,3.0,True
1078,Ecosense/bikeride-gps-edc6393fc5d6d8c42ad27aca5707a75e1434d1e6.csv,38.0,3129.0,3.0,True
1251,Ecosense/bikeride-gps-ada8146f91711fe8317a4f21732a13eb3995775c.csv,39.0,2297.0,5.0,True
878,Ecosense/bikeride-gps-f71c120b972e9bd2a48d2931bd665b16a185f385.csv,39.0,4065.0,4.0,True
1089,Ecosense/bikeride-gps-e0350008384236dd2e2c8e887be7068a6eacdf2f.csv,39.0,1842.0,4.0,True
1151,Ecosense/bikeride-gps-fcb7bacf8a8ffbb7499f41bdcf360417e04f532e.csv,39.0,5857.0,4.0,True
518,Ecosense/bikeride-gps-1a59b90b9282d033bb7bd63fe5737262d17cc394.csv,39.0,3065.0,3.0,True
597,Ecosense/bikeride-gps-34bb6e6b9b7a745d9216a5ee86939bb5d4a47805.csv,39.0,1407.0,3.0,True
1178,Ecosense/bikeride-gps-d9db0ed72ea66ba39ff6ac07386e2228e7ce0167.csv,39.0,5979.0,2.0,True
64,Ecosense/bikeride-gps-9731e776e4e4dc92249c2f149a75d3c320ee2051.csv,40.0,4086.0,3.0,True
771,Ecosense/bikeride-gps-6ee7471a9bb9d08e9ee878dd051c1226d55b44be.csv,40.0,1026.0,3.0,True
147,Ecosense/bikeride-gps-987d4bcbcfc5ab318ecdc99c613aedd38bcdaebb.csv,41.0,4759.0,5.0,True
575,Ecosense/bikeride-gps-2ecdf6b59649cc1f9e801900fdca24c9db5b6646.csv,41.0,1174.0,4.0,True
814,Ecosense/bikeride-gps-8cd2b90c7f85d6a7091ef42f48225941dc9da306.csv,41.0,5053.0,4.0,True
885,Ecosense/bikeride-gps-eccbfdc6deaf9b88de5321d87fcab186d15fb14a.csv,41.0,3053.0,4.0,True
1269,Ecosense/bikeride-gps-f769a609d6265bd2fed46913ea9ce595ddb66407.csv,41.0,2998.0,4.0,True
1086,Ecosense/bikeride-gps-ede977f7bcb2a8f240f658ed0d96b85729415e9a.csv,42.0,1710.0,4.0,True
1103,Ecosense/bikeride-gps-fe7e33bdd6cf0bc85e5a3431c76480da36793d18.csv,42.0,2813.0,4.0,True
578,Ecosense/bikeride-gps-2f09ad6137c01daa8c189b03655adeb18d4c9bbf.csv,43.0,1809.0,4.0,True
372,Ecosense/bikeride-gps-324d454d8f6520b0200dfae7219ffc4d8ce45faf.csv,44.0,3445.0,3.0,True
1179,Ecosense/bikeride-gps-f32f642af9759cc449a9005ba7566611cbf0f1a5.csv,45.0,4695.0,5.0,True
48,Ecosense/bikeride-gps-66b4d3533d6f6e6970afcf959845abc3101a181d.csv,46.0,872.0,3.0,True
92,Ecosense/bikeride-gps-a050f0cb01bf74bb8d47c356b52b37acb4c9c0fb.csv,46.0,1462.0,3.0,True
595,Ecosense/bikeride-gps-33eaac80ae609ba6713df5967bb32e4f9eab9ebe.csv,47.0,2208.0,4.0,True
697,Ecosense/bikeride-gps-55c2de4e9d88133f9915e27e623e651fc403ecba.csv,47.0,1475.0,4.0,True
557,Ecosense/bikeride-gps-2a8b76488cd9ed3f2d487c3205e389f5933691ee.csv,47.0,1496.0,3.0,True
582,Ecosense/bikeride-gps-2f60fd85a7fc57297687906389ca843a02ae85d7.csv,48.0,2240.0,5.0,True
593,Ecosense/bikeride-gps-33b3a5b04c513880cac588c94270402adfc966d7.csv,48.0,2813.0,4.0,True
271,Ecosense/bikeride-gps-a65da952aebf519b5ae6a75c95310aa9ebc10593.csv,48.0,2436.0,3.0,True
266,Ecosense/bikeride-gps-a792d1c09a74365acdd787e09e28d2e9198498c2.csv,49.0,2169.0,4.0,True
701,Ecosense/bikeride-gps-55ffa0f09d7a559267ea77051136b8217d99fc41.csv,49.0,3259.0,3.0,True
3,Ecosense/bikeride-gps-4455b84f640583d036a925605591b8cc318e79f0.csv,50.0,2612.0,5.0,True
939,Ecosense/bikeride-gps-fe42cd36fc2cc61a6d462e08d3db722ef5977f0d.csv,50.0,4666.0,5.0,True
985,Ecosense/bikeride-gps-d77bf14d4a8f25d94c84ca35b87a7f0db28abfa7.csv,50.0,3060.0,4.0,True
1244,Ecosense/bikeride-gps-abe71fe7a5fe0a2c5beca31a9bdcf0f6a7964050.csv,50.0,1922.0,3.0,True
1093,Ecosense/bikeride-gps-b61845d55bcd5a67528c634c37a2ad114cfe4d7b.csv,52.0,2732.0,4.0,True
990,Ecosense/bikeride-gps-c4fe80f25e50e838538c5fa1e085360ff6362cbf.csv,52.0,3826.0,3.0,True
197,Ecosense/bikeride-gps-343f49deff5127694f9968fc0f07a37f708a391a.csv,53.0,3578.0,4.0,True
420,Ecosense/bikeride-gps-9196b9554d765524361c88e1bfd2d181798ba6a5.csv,53.0,13668.0,4.0,True
773,Ecosense/bikeride-gps-6ef6fb8f2e02fe8d350f726a829f0066f70009ad.csv,53.0,3907.0,4.0,True
818,Ecosense/bikeride-gps-8d643fc45e2788ea3cd86470b41b5769a93ce4d3.csv,53.0,1047.0,2.0,True
391,Ecosense/bikeride-gps-96f9aacec59edc0253588f774592deaee2f519a0.csv,54.0,2117.0,4.0,True
623,Ecosense/bikeride-gps-3c021b60200b380175b00e0de027c8fb2adfe7e9.csv,54.0,3740.0,4.0,True
464,Ecosense/bikeride-gps-0b3dff938a0af9c938ae01561e7331dd0c700c23.csv,54.0,3450.0,3.0,True
1162,Ecosense/bikeride-gps-be749c04c858b6c3a33735d6a843f55a018a5f21.csv,55.0,5656.0,4.0,True
123,Ecosense/bikeride-gps-751a8a4dac07d14786f78da4b2f59c784894d729.csv,55.0,2419.0,3.0,True
329,Ecosense/bikeride-gps-a14c288a2a0c3e8d598dabb197e4e4d44a733ce9.csv,55.0,1367.0,3.0,True
520,Ecosense/bikeride-gps-1abfbd5f0ba1bf7cce5c2f62c5eb4cc1d5bc1e47.csv,56.0,2351.0,4.0,True
791,Ecosense/bikeride-gps-7d21060dacf2249dbaffe41d6fc30e59cd1f864a.csv,56.0,2667.0,4.0,True
747,Ecosense/bikeride-gps-6b60e1d35b1e85f7fe56e6c2f8ff6073f9204a76.csv,56.0,4841.0,3.0,True
54,Ecosense/bikeride-gps-463f2b7e0b0139a8e98b0e824417b7865178bd14.csv,57.0,1500.0,4.0,True
377,Ecosense/bikeride-gps-234e6c7c77dc9673367bc691c5a939f89bbe54e5.csv,57.0,13694.0,4.0,True
98,Ecosense/bikeride-gps-68e9aa97309c4cf4989384a550f8a07c14371fae.csv,57.0,1115.0,3.0,True
337,Ecosense/bikeride-gps-37384f06b14149e316b1c33dfcb2045b5bcd56ad.csv,58.0,2489.0,4.0,True
777,Ecosense/bikeride-gps-6f7573c411c742c1b388a47d6b96f6b2d262edcb.csv,58.0,8196.0,4.0,True
631,Ecosense/bikeride-gps-3e027399bccdf59019b2d21d82fb24fb3cd295ac.csv,59.0,12166.0,4.0,True
1195,Ecosense/bikeride-gps-f833271087a77c08edc0d92d72d150ad17344b81.csv,59.0,2489.0,4.0,True
390,Ecosense/bikeride-gps-673e02f0760393e1eb7238df8bc1a6a39302dce3.csv,60.0,1797.0,4.0,True
976,Ecosense/bikeride-gps-d43aa3a436563344d692943c40b3c0ebad7aa96d.csv,60.0,1711.0,4.0,True
284,Ecosense/bikeride-gps-a93617ce3404ea89434bb4ac8302581779f23881.csv,61.0,5082.0,5.0,True
300,Ecosense/bikeride-gps-65c7fddc7457a72df3c2a91f53085b06f36772c8.csv,61.0,4534.0,5.0,True
440,Ecosense/bikeride-gps-03bdca981236e6682e96aa553451c5301450b78d.csv,61.0,12940.0,4.0,True
749,Ecosense/bikeride-gps-6bbd5970c70ee3466bc4954d24667f297ddc3259.csv,61.0,2665.0,4.0,True
107,Ecosense/bikeride-gps-643642a7b6caccedde26b2fa4e088503653ccaac.csv,62.0,2221.0,5.0,True
389,Ecosense/bikeride-gps-1294fe41289d82e07ee24465b9f4f4a87f9d3be7.csv,63.0,1165.0,5.0,True
1141,Ecosense/bikeride-gps-d88be433da45e0e5247877b5c517c3a36b2630a5.csv,63.0,36530.0,5.0,True
854,Ecosense/bikeride-gps-d93c885547b4fd402cd46a320771e8496b78bb02.csv,63.0,30092.0,4.0,True
838,Ecosense/bikeride-gps-9c9dd951d2fee9819cae3f4c936c00fb0773a64d.csv,63.0,9856.0,3.0,True
84,Ecosense/bikeride-gps-432114fcdde774f655f35617d36754aec544e2be.csv,64.0,3196.0,5.0,True
898,Ecosense/bikeride-gps-cefbacf75945cf84674963ab6623d0981d0da130.csv,64.0,4533.0,5.0,True
325,Ecosense/bikeride-gps-57161bdf30cea48f3e8315f8dd0e2a10cf3e017f.csv,64.0,3557.0,4.0,True
592,Ecosense/bikeride-gps-32e4bfd12a589eee60756519cb3c7ccbe71e8dec.csv,65.0,42660.0,5.0,True
1104,Ecosense/bikeride-gps-be8624ac5eb0cae79e5f58c6c1fcaafb3e568b39.csv,65.0,1801.0,5.0,True
370,Ecosense/bikeride-gps-932d1ee7cb49890505b6f245a4c58ad54b2f7311.csv,65.0,6669.0,4.0,True
269,Ecosense/bikeride-gps-365a5156c7d72bace2b727196eeb7580e6fac2de.csv,67.0,4909.0,6.0,True
140,Ecosense/bikeride-gps-755bd1567a140962ac8836bffc6d3af46bda79c9.csv,67.0,2952.0,4.0,True
635,Ecosense/bikeride-gps-40b0735b925319dddf76c1cc37317e3f5791643d.csv,67.0,2692.0,4.0,True
1240,Ecosense/bikeride-gps-e976bea309a3e0618e383693f72e54d59e71b842.csv,67.0,2409.0,4.0,True
861,Ecosense/bikeride-gps-f4daf95650c81f2a8a2c95964253aacf0d9ff824.csv,68.0,23769.0,5.0,True
53,Ecosense/bikeride-gps-63471905a8e58d49deea4880084efde5a9de184c.csv,68.0,3625.0,4.0,True
298,Ecosense/bikeride-gps-176b8f44386f4fbc58f916c3443113f7e2621342.csv,68.0,38366.0,4.0,True
998,Ecosense/bikeride-gps-ae939ad4abe63e741a5f2fb594dd4327fae0a513.csv,69.0,2057.0,4.0,True
924,Ecosense/bikeride-gps-fd4d9d4131ea18d2724d42f112f04c6583f4c370.csv,69.0,2690.0,3.0,True
1087,Ecosense/bikeride-gps-fc2ebf01bf4586b516b9fe0a336cc0b50b5a4007.csv,70.0,48611.0,5.0,True
51,Ecosense/bikeride-gps-a87c1032d0a1768f544569ba1e85a2c0e1d00494.csv,70.0,12637.0,4.0,True
55,Ecosense/bikeride-gps-276eee3f458a7f78f7e931f2d49241cdf30e563d.csv,70.0,6696.0,4.0,True
467,Ecosense/bikeride-gps-0b7152e91296720edadee5736d22173f6cbe6900.csv,70.0,1791.0,4.0,True
712,Ecosense/bikeride-gps-59b4be47882b0dccc7b3a0195cf715b1f464747f.csv,70.0,3607.0,4.0,True
799,Ecosense/bikeride-gps-7f407670b9d03e55199cd07150e7bf8540c111de.csv,70.0,12380.0,4.0,True
383,Ecosense/bikeride-gps-aab3e371c08e816e6365294d145d11eadd5a8001.csv,70.0,36429.0,3.0,True
1122,Ecosense/bikeride-gps-e3d7dd6cb382c6324ddc13c6f43c3719a5813573.csv,70.0,2411.0,3.0,True
713,Ecosense/bikeride-gps-59d62e4462fcc4e90357df6c4b9df7270ec97a24.csv,71.0,2194.0,5.0,True
1039,Ecosense/bikeride-gps-cfb8aa99da90b9af5957ac59b34f5975ec5fb74d.csv,71.0,2464.0,5.0,True
385,Ecosense/bikeride-gps-a44402ba8f707a1263ea2bd700bd50e343f5ef10.csv,71.0,5963.0,4.0,True
963,Ecosense/bikeride-gps-d5035e1517fb04079aab1d469e067d9e04ab3123.csv,71.0,2544.0,4.0,True
984,Ecosense/bikeride-gps-e5ec6a24ffdd681500f4941dd060a347e2377a8f.csv,71.0,33647.0,4.0,True
249,Ecosense/bikeride-gps-a4b7df8d12babc4d78cfdfd01f979047b5b5fa75.csv,71.0,2294.0,3.0,True
320,Ecosense/bikeride-gps-628acf1fd2f6c7a1f5800fcae3b6c6d0f552dfc3.csv,72.0,854.0,3.0,True
567,Ecosense/bikeride-gps-2d03cb2cb4a70fd57b3eaaba461a93875bc45f3c.csv,74.0,2756.0,4.0,True
919,Ecosense/bikeride-gps-d1fd4b213c03df59b7d7043a7f930ffe0b0aa927.csv,74.0,2209.0,4.0,True
1083,Ecosense/bikeride-gps-c05f5179c455ddd4f057ad678c0178beab23aa9b.csv,74.0,1709.0,4.0,True
210,Ecosense/bikeride-gps-086a6d5214a0b979a20aa74ec5bf53987fd9c3f7.csv,75.0,9847.0,5.0,True
1129,Ecosense/bikeride-gps-c0e0ed611690be2823a8c9be6e822ecd4381c87b.csv,75.0,5230.0,5.0,True
156,Ecosense/bikeride-gps-a5989e9de2234b774cf1cca7d7ef19b0ded415b3.csv,75.0,2350.0,4.0,True
1044,Ecosense/bikeride-gps-bdc67266763c6542b273ddd1b4174637d0b95041.csv,75.0,2070.0,4.0,True
680,Ecosense/bikeride-gps-4f982f827f81bba7e7011793c1d8280ac1c3d279.csv,75.0,991.0,1.0,True
460,Ecosense/bikeride-gps-0ad2f50106ba93d7c6a2fb02103377965935ef24.csv,76.0,2388.0,4.0,True
763,Ecosense/bikeride-gps-6da48956238a8267274ddd8551006ff59392c24c.csv,76.0,35321.0,4.0,True
529,Ecosense/bikeride-gps-1c86dca7eaaeb2e8536cae1ab1aa4b613a122d78.csv,77.0,1368.0,6.0,True
880,Ecosense/bikeride-gps-fd0c8ae5218e4017ac0f89506fdf6e5de2b6f68f.csv,77.0,5569.0,6.0,True
835,Ecosense/bikeride-gps-9c06a64fcb4257ec886c276979e29ab69a6712ee.csv,79.0,4016.0,6.0,True
669,Ecosense/bikeride-gps-4e2fac2ad1b5a40adaed20861042ad2d08a52979.csv,79.0,4999.0,5.0,True
903,Ecosense/bikeride-gps-fde9b8f6ad5aa34ae325a5e4075a42b38d42447b.csv,79.0,2903.0,5.0,True
909,Ecosense/bikeride-gps-cdb6bddffc69a0ba5953a19f0a4a898a4f63aebe.csv,79.0,9912.0,5.0,True
327,Ecosense/bikeride-gps-60a6f112688bfa3822b513e1cd3102a7b418ab0c.csv,79.0,17859.0,4.0,True
605,Ecosense/bikeride-gps-36faa0a1fa8cae8aad1eff656e16f17a4d0a7de0.csv,80.0,978.0,6.0,True
136,Ecosense/bikeride-gps-276b02e4150a4c20d289d22422db6bda48752051.csv,80.0,13196.0,4.0,True
510,Ecosense/bikeride-gps-18a6e31b2de043df87157e37736b979245bd41e5.csv,80.0,2540.0,4.0,True
780,Ecosense/bikeride-gps-7a309121d9941ddf758c0d973cc8341a97062acf.csv,80.0,2304.0,4.0,True
1109,Ecosense/bikeride-gps-b1b6ff5b0e14f36db5902bc0a06601bc2b160f0f.csv,80.0,6146.0,4.0,True
1258,Ecosense/bikeride-gps-da3e0a1538c8b25f72374edc2eee4c4be5184749.csv,80.0,2825.0,4.0,True
663,Ecosense/bikeride-gps-4bf030d5e2dd3a80533577aedf2960ff367b9571.csv,81.0,3545.0,5.0,True
277,Ecosense/bikeride-gps-734995861d88114c8b3e6fb8490acdf456d858cb.csv,81.0,39484.0,4.0,True
1132,Ecosense/bikeride-gps-b3c10b538b99b5157ee2bf9c76170fb0feb6ed75.csv,81.0,3329.0,3.0,True
466,Ecosense/bikeride-gps-0b5456e64667ad090dda340efd7097dbff99e0e8.csv,82.0,5249.0,6.0,True
1221,Ecosense/bikeride-gps-db88dda7d0b1adb33bac1336e33eb780a62a5dc3.csv,82.0,23696.0,5.0,True
1117,Ecosense/bikeride-gps-f74975c56e3647add0afce515c3f8190a8021be9.csv,82.0,1997.0,4.0,True
1239,Ecosense/bikeride-gps-d3469220cb49bb4e90a15d7e1044559c96b94b86.csv,82.0,3849.0,4.0,True
896,Ecosense/bikeride-gps-f5d087779626a717cf593cba5dc88477c3565e19.csv,82.0,1806.0,3.0,True
621,Ecosense/bikeride-gps-3ba96f140d11e79ce7ebe89c7f6dca9435ccf268.csv,83.0,7401.0,5.0,True
670,Ecosense/bikeride-gps-4e3debb0af18d40cb4850b58e9bc8b6ff266b648.csv,83.0,5101.0,5.0,True
362,Ecosense/bikeride-gps-671532a6aae36f574da78d5ac4ec29016c4a292f.csv,83.0,9742.0,4.0,True
627,Ecosense/bikeride-gps-3cacc136a5c96acafc4fc7d574e4345ee5b40f28.csv,83.0,1241.0,2.0,True
739,Ecosense/bikeride-gps-6a37182e88ecc2b1604db3650ec6aaf58d2d30b0.csv,84.0,4063.0,6.0,True
1144,Ecosense/bikeride-gps-d19a6499e7caef05f91b372d978e45a030a39470.csv,84.0,1129.0,5.0,True
1133,Ecosense/bikeride-gps-e9baae338d722dfecab519642be95bdab14b4c58.csv,84.0,2699.0,4.0,True
709,Ecosense/bikeride-gps-58d424158fc8a9697a0d4144e573f8e55f6fc955.csv,85.0,4066.0,6.0,True
253,Ecosense/bikeride-gps-102a604e502691b21fb9e55ea080415eb58f27c2.csv,85.0,9934.0,5.0,True
376,Ecosense/bikeride-gps-39538c25b8027ab7c9aa81a279c60a45d7aec6dc.csv,85.0,5077.0,5.0,True
187,Ecosense/bikeride-gps-171d5bd71de75656dd62705c3acd0c38c7b3e156.csv,85.0,2369.0,4.0,True
1018,Ecosense/bikeride-gps-c96793363e7300a9ce37d7cedd3c8604538c8a90.csv,85.0,2533.0,4.0,True
203,Ecosense/bikeride-gps-1431164903bf1f0a4d3ff1ee87ce09fea0585fec.csv,86.0,4909.0,6.0,True
553,Ecosense/bikeride-gps-28d471fd7d820d74e80057ea95e895bfd088afbf.csv,86.0,5478.0,6.0,True
677,Ecosense/bikeride-gps-4f186c493c4dae1b29eaed5fb525c4364ab178be.csv,87.0,2482.0,4.0,True
403,Ecosense/bikeride-gps-09651c22d36da11d6f27842c1f96c928f80cfd90.csv,88.0,3659.0,6.0,True
354,Ecosense/bikeride-gps-97624c548c427fd3ed1ecd004f5ced668dd22d48.csv,88.0,3968.0,5.0,True
533,Ecosense/bikeride-gps-1deab00280dea5163b75203595766cd3d3c71cda.csv,88.0,5514.0,4.0,True
282,Ecosense/bikeride-gps-345222aba98df3f92b3b2f0a1e536667d14a5268.csv,88.0,952.0,3.0,True
1024,Ecosense/bikeride-gps-f2f7fe83e3410a9282a41c6a86c6923c6a462306.csv,88.0,2046.0,3.0,True
1248,Ecosense/bikeride-gps-f586b1c3357efc28587f7d3017fd91454986c3ab.csv,88.0,7062.0,3.0,True
371,Ecosense/bikeride-gps-92fbe34c529db9ad64d10a9fa5a64a285741eb89.csv,89.0,3553.0,4.0,True
478,Ecosense/bikeride-gps-0e8cd842632590cb187a5da06aa523bc66ff44fc.csv,89.0,31000.0,4.0,True
177,Ecosense/bikeride-gps-584f3c8a6f5e887cecfe9734341da80a0e7bd67d.csv,89.0,1832.0,3.0,True
237,Ecosense/bikeride-gps-527b5826f164a1c67d45069a17e7318b6aa5b113.csv,90.0,10931.0,7.0,True
5,Ecosense/bikeride-gps-69d7a79a583fe903a203e02e454bf984e6afa3f2.csv,90.0,883.0,5.0,True
498,Ecosense/bikeride-gps-13cb83a0baadaad955de024bdf71685b51b26463.csv,90.0,4811.0,5.0,True
1234,Ecosense/bikeride-gps-e190396a4a82956660f399906696126a3f9395f6.csv,90.0,26100.0,4.0,True
1280,Ecosense/bikeride-gps-afd6d1743d3e5f56b3cd7135b01c63d8440ba8d1.csv,91.0,2709.0,5.0,True
796,Ecosense/bikeride-gps-7e199ab77ee347698921b6b9b975d8f509beb742.csv,91.0,31547.0,4.0,True
318,Ecosense/bikeride-gps-5541585b97d652361895cb6d0023229fb8315da1.csv,92.0,4112.0,6.0,True
61,Ecosense/bikeride-gps-27364e97b2b0c43f8bf47b6cca4d9947c364c2b9.csv,92.0,1972.0,4.0,True
1227,Ecosense/bikeride-gps-f760b971d85f5f5cdc052106d8c4735baa2e2312.csv,92.0,3306.0,3.0,True
1124,Ecosense/bikeride-gps-de4414646d7bebd5e798581a88825b45920166cf.csv,93.0,2515.0,5.0,True
368,Ecosense/bikeride-gps-a4963d3ac61eb993303a10254c67eebe4fe5f985.csv,93.0,30948.0,4.0,True
409,Ecosense/bikeride-gps-798befe9ee8967427a0afd76f99a0aba386a6c03.csv,93.0,3498.0,4.0,True
833,Ecosense/bikeride-gps-9ba64e0df7d5300820e2e2453166ecc00a99c05a.csv,94.0,37448.0,4.0,True
1197,Ecosense/bikeride-gps-e25c0e64e692e4bc7cc2c928a473eda3d41baa4a.csv,94.0,2866.0,3.0,True
1060,Ecosense/bikeride-gps-de12ab33a7efdd6a7dba68682eb32acf62725441.csv,95.0,1849.0,5.0,True
179,Ecosense/bikeride-gps-59612da16b2cee385a0e9cf7769c90f4ae18804c.csv,95.0,3498.0,4.0,True
1040,Ecosense/bikeride-gps-d1e16b234ddd92533546f4d56b451d7c5fc25fe5.csv,96.0,2165.0,3.0,True
332,Ecosense/bikeride-gps-78d1acb59e8b0fb74ee1bc0065b488f9c6174e6d.csv,98.0,23683.0,5.0,True
1139,Ecosense/bikeride-gps-fc4cb06030df9f0d6c38f66c3265fe899697256e.csv,99.0,23782.0,5.0,True
38,Ecosense/bikeride-gps-88e557be5326b18ac2c77bd4bfbc269ccf562a6d.csv,99.0,1200.0,4.0,True
507,Ecosense/bikeride-gps-17b4d91df98bd21b9bafc1b224ef95cdc8635bbe.csv,100.0,1887.0,5.0,True
129,Ecosense/bikeride-gps-692e73adb68c423896f4641019a489d4df92690c.csv,104.0,2258.0,4.0,True
1114,Ecosense/bikeride-gps-afd99cfaf09f84b981f812fccacfefc91aba70c0.csv,107.0,2158.0,3.0,True
1102,Ecosense/bikeride-gps-b91a4dd8f5edc20348adae562e24f3afa7e4fa02.csv,111.0,27466.0,4.0,True
149,Ecosense/bikeride-gps-79e03a5f9c88ea7807141044fb1c18bd1cce1eda.csv,113.0,2629.0,4.0,True
638,Ecosense/bikeride-gps-41bc4bf68027fbb4ef1da4166dc171cd9e72e5bc.csv,114.0,2180.0,5.0,True
566,Ecosense/bikeride-gps-2cd3930963ee06f5e4ca9ed59f666afc5c85cdac.csv,116.0,2440.0,4.0,True
1254,Ecosense/bikeride-gps-bcc438741894027a6fd9cbbecb37c2f41319417e.csv,118.0,1433.0,5.0,True
865,Ecosense/bikeride-gps-d54406356f096b46483edcbef2a4a937b2f8a5aa.csv,120.0,9754.0,4.0,True
1100,Ecosense/bikeride-gps-be6918c07d33e6159ec1ecd5841adba4148623ee.csv,120.0,2516.0,4.0,True
819,Ecosense/bikeride-gps-8dc8d90b94862030de659d7a950dc4e78e7a734a.csv,120.0,3606.0,3.0,True
352,Ecosense/bikeride-gps-921cea2bab742f61ab957d4e265d4f8d21b222f6.csv,122.0,35276.0,4.0,True
1049,Ecosense/bikeride-gps-f92caad8f58887f1a6999617d4411039dae08c19.csv,122.0,2625.0,4.0,True
9,Ecosense/bikeride-gps-509e8e0482911dd6dff45b31380c2815c4a378d1.csv,125.0,9640.0,4.0,True
1255,Ecosense/bikeride-gps-b82815d9d133a2a98223ee137bc39e55940c2727.csv,128.0,2684.0,3.0,True
600,Ecosense/bikeride-gps-35a40a2e9a49f941df813533a3634a09884ef90c.csv,130.0,2078.0,4.0,True
615,Ecosense/bikeride-gps-3aaed4f25908fad18f8120fd440882e6f34effa3.csv,133.0,9795.0,5.0,True
1008,Ecosense/bikeride-gps-e60011cc6e09ef962d00bc369a1dcb9486b3d08b.csv,134.0,9853.0,5.0,True
758,Ecosense/bikeride-gps-6cf5c4ad7e5f77a09e9c4c2ef272dcd0d5f04c91.csv,140.0,1265.0,2.0,True
454,Ecosense/bikeride-gps-09fd66073fac9c1c3b933cfcaa0dc52290247f2f.csv,150.0,13172.0,3.0,True
534,Ecosense/bikeride-gps-1e48ce91149943cca570ff679f963a897f0d27c1.csv,153.0,9560.0,4.0,True
803,Ecosense/bikeride-gps-8a11f9567045279e238f810aa62d97ba847e0e04.csv,154.0,2410.0,1.0,True
907,Ecosense/bikeride-gps-f10d778b777b74acea91bd8629745dfd768ab5ce.csv,155.0,9656.0,4.0,True
1012,Ecosense/bikeride-gps-e051c3a72c0f4351dd58b31bf3af59aa071e385a.csv,167.0,1526.0,1.0,True
816,Ecosense/bikeride-gps-8d32b5d327e9bb9c03c5d57abfb4f47c94ab5cb2.csv,168.0,2634.0,3.0,True
922,Ecosense/bikeride-gps-ff33abf4605ce41bb59f8892c7286627bb1ab619.csv,168.0,9004.0,3.0,True
671,Ecosense/bikeride-gps-4ea14d7fad6d709ca5b6daa5a692ddf314c1b6a8.csv,170.0,3496.0,3.0,True
212,Ecosense/bikeride-gps-91a88279267725cc45d3222368aaa34cd8fc019f.csv,174.0,2626.0,3.0,True
1246,Ecosense/bikeride-gps-ba5e07e264b4760347b6fbf468c19536950df377.csv,174.0,1691.0,3.0,True
692,Ecosense/bikeride-gps-54bd14c1eebb7b4e9a0ea1c9e03b4507f30511cc.csv,178.0,2510.0,3.0,True
1250,Ecosense/bikeride-gps-c29739dd9fbfe0c648ecf67b29247c6a76962e0f.csv,181.0,1897.0,3.0,True
16,Ecosense/bikeride-gps-0628d958ee7ca949baad443f1f5469ab9fdfa177.csv,186.0,7937.0,3.0,True
299,Ecosense/bikeride-gps-2655f9e504d53a8fb014555b9306047e99449f30.csv,190.0,7350.0,2.0,True
1204,Ecosense/bikeride-gps-e6ed9093e74fdd3c17bc8e4c0c95b75f66972009.csv,195.0,1545.0,2.0,True
398,Ecosense/bikeride-gps-786467726969ce71a4f3f74667b44538c17b8045.csv,205.0,3156.0,4.0,True
